PPTX slide,Original transition seconds,Output start seconds,Output end seconds,Duration seconds
1,0.0,0.0,15.933333333333334,15.933333333333334
2,15.916667,15.933333333333334,38.1,22.166666666666668
3,38.1,38.1,64.1,26.0
5,64.1,64.1,92.43333333333334,28.333333333333332
6,92.416667,92.43333333333334,116.93333333333334,24.5
7,116.95,116.93333333333334,141.66666666666666,24.733333333333334
8,141.65,141.66666666666666,167.73333333333332,26.066666666666666
9,167.716667,167.73333333333332,190.16666666666666,22.433333333333334
10,190.166667,190.16666666666666,211.1,20.933333333333334
11,211.1,211.1,247.5,36.4
