epoch,time,train/box_loss,train/cls_loss,train/dfl_loss,metrics/precision(B),metrics/recall(B),metrics/mAP50(B),metrics/mAP50-95(B),val/box_loss,val/cls_loss,val/dfl_loss,lr/pg0,lr/pg1,lr/pg2
1,15.5181,0.8505,2.45105,1.01326,0.01333,1,0.67886,0.55562,0.52077,3.0042,0.80268,0.000637681,0.000637681,0.000637681
2,30.6567,0.7826,1.19565,0.97057,1,0.6018,0.84014,0.68033,0.65337,2.76424,0.8421,0.0012613,0.0012613,0.0012613
3,45.2801,0.83663,1.20427,0.98169,0.83897,0.57917,0.87509,0.61364,0.72116,2.19052,0.90038,0.00184093,0.00184093,0.00184093
4,59.5973,0.80146,1.10436,0.96677,0.90115,0.91164,0.97458,0.80093,0.62133,1.65932,0.82399,0.001802,0.001802,0.001802
5,73.9865,0.68503,0.95887,0.93408,0.99584,0.99655,0.995,0.89525,0.51163,1.17126,0.8013,0.001736,0.001736,0.001736
6,88.442,0.63722,0.88578,0.91523,1,0.9997,0.995,0.88288,0.54006,0.96678,0.81979,0.00167,0.00167,0.00167
7,104.053,0.58331,0.78973,0.89168,0.99942,1,0.995,0.88896,0.51136,0.81045,0.82588,0.001604,0.001604,0.001604
8,118.486,0.56324,0.76289,0.88652,0.99889,1,0.995,0.87521,0.52788,0.8007,0.8399,0.001538,0.001538,0.001538
9,132.732,0.54646,0.72367,0.88068,0.99939,1,0.995,0.87171,0.53179,0.809,0.81782,0.001472,0.001472,0.001472
10,147.554,0.51299,0.67323,0.87407,0.99973,1,0.995,0.89478,0.47539,0.68366,0.80842,0.001406,0.001406,0.001406
11,161.892,0.49469,0.65292,0.86322,0.9997,1,0.995,0.90481,0.42906,0.63547,0.80822,0.00134,0.00134,0.00134
12,176.326,0.48108,0.6351,0.86152,0.99972,1,0.995,0.88614,0.49302,0.62413,0.84282,0.001274,0.001274,0.001274
13,190.852,0.47329,0.62682,0.86997,0.9997,1,0.995,0.90518,0.45933,0.62955,0.80556,0.001208,0.001208,0.001208
14,205.416,0.44639,0.57422,0.8523,0.99972,1,0.995,0.90619,0.44671,0.60549,0.81574,0.001142,0.001142,0.001142
15,219.719,0.42553,0.5532,0.84631,0.99972,1,0.995,0.92116,0.3692,0.60761,0.78841,0.001076,0.001076,0.001076
16,234.253,0.41992,0.54752,0.84606,0.99972,1,0.995,0.91893,0.38563,0.52045,0.81214,0.00101,0.00101,0.00101
17,248.612,0.39472,0.51754,0.84504,0.99975,1,0.995,0.90616,0.42873,0.5096,0.78924,0.000944,0.000944,0.000944
18,262.927,0.39254,0.5183,0.84881,0.99975,1,0.995,0.92374,0.37556,0.49956,0.79892,0.000878,0.000878,0.000878
19,277.445,0.38291,0.49343,0.84021,0.99976,1,0.995,0.93754,0.35581,0.46376,0.79375,0.000812,0.000812,0.000812
20,291.829,0.3689,0.48588,0.83519,0.99973,1,0.995,0.95484,0.32374,0.4627,0.77984,0.000746,0.000746,0.000746
21,305.606,0.28757,0.48881,0.78785,0.99976,1,0.995,0.95579,0.32833,0.49352,0.78037,0.00068,0.00068,0.00068
22,319.443,0.28281,0.47186,0.79284,0.99969,1,0.995,0.94099,0.33848,0.49413,0.79377,0.000614,0.000614,0.000614
23,333.323,0.27065,0.44256,0.77314,0.99973,1,0.995,0.94556,0.32266,0.47356,0.78479,0.000548,0.000548,0.000548
24,347.253,0.26911,0.44224,0.77485,0.99975,1,0.995,0.95338,0.33602,0.44251,0.7817,0.000482,0.000482,0.000482
25,361.095,0.26132,0.42651,0.79004,0.99975,1,0.995,0.94916,0.32409,0.4377,0.78741,0.000416,0.000416,0.000416
26,374.888,0.25978,0.41519,0.77556,0.99976,1,0.995,0.95876,0.31931,0.42671,0.77171,0.00035,0.00035,0.00035
27,388.92,0.25013,0.41063,0.77951,0.99977,1,0.995,0.9512,0.31374,0.42414,0.78061,0.000284,0.000284,0.000284
28,402.974,0.24031,0.39622,0.77972,0.99976,1,0.995,0.95479,0.31913,0.41113,0.77168,0.000218,0.000218,0.000218
29,417.326,0.22622,0.38958,0.77413,0.99976,1,0.995,0.96625,0.29982,0.40216,0.7658,0.000152,0.000152,0.000152
30,431.754,0.21641,0.37506,0.77277,0.99976,1,0.995,0.95558,0.30365,0.40503,0.7722,8.6e-05,8.6e-05,8.6e-05
